,Review,Category
557,Probamos las habitas con jamón y las mollejas al carbón.,comida
558,Buena calidad y buen servicio.,servicio
559,Buena relación calidad - precio Nos gustó,precio
560,Nos sentamos en una mesa y el camarero nos dijo que estaban TODAS reservadas para las cenas (eran las 19 h).,servicio
561,La comida me ha resultado normal.,comida
562,"Demasiado sosa, sin sal, literalmente.",comida
563,"Las carnes, el secreto y el lagarto, bien, si más.q el servicio, muy lento.",comida
564,El local es muy ruidoso y se tiene que alzar la voz.,ambiente
565,"El precio, medio alto, creo que por el importe pagado se puede encontrar algo mejor.",precio
566,"Mi primer plato un mil hojas de berenjena, de milhojas no tenía nada, yo creo que alguien se había dejado la mitad y que me lo habían rellenado con tomate y recalentado y seco.",comida
567,La lubina de segundo estaba muy rica y en su punto.,comida
568,Y de postre una rodaja de melón que si me la como me pongo enferma.,comida
569,"Seca, como de llevar la rodaja en la nevera 4 días y encima me la traen en un plato estratégicamente colocada para que no vea una especie de hongos que le estaban creciendo.",comida
570,Totalmente asqueroso.,comida
571,"La dejo en el plato para que se vea bien y el camarero me pregunte por qué no la he comido, y vamos !!!",servicio
572,"Y todo esto por 14,50 euros.",precio
573,Pongo foto de la rodaja de melón.,comida
574,"Muy buena comida, excelente servicio y buen ambiente, además de una buenísima relación calidad-precio.",ambiente
575,"Comida muy rica, raciones abundantes y a buen precio.",comida
576,"La carne espectacular, hecha a la parrilla.",comida
577,Muy buen trato del personal,servicio
578,"El servicio sigue siendo atento pero también en la comida detectamos algunos descuidos: platos que salieron fríos, falta de algunas guarniciones, tardanza en poner los aperitivos Se ha convertido en un local excesivamente ruidoso en el que a duras penas se puede hablar con los comensales de tu propia mesa.",servicio
579,"Además de carne, tienen una buena carta de productos del mar.",comida
580,Comimos un calamar fresco y lomo de vaca.,comida
581,Y las cervezas de aperitivo estupendas con buenos aperitivos.,comida
582,"Toda la cena muy buena , nos pusieron unos chipirones  a la plancha riquísimos , un pulpo muy bueno , quizás un poco de exceso de pimentón , el pescado que pedimos , ventresca y rodaballo muy fresco y muy bien hecho .",comida
583,El camarero,servicio
584,Buen menú diario e intenciones de explorar otro día con la carta.,comida
585,Local muy bien y trato muy correcto.,ambiente
586,Sin tener reserva previa nos atendieron con mucha amabilidad y nos acomodaron.,servicio
587,Servicio con simpatía y cercano.,servicio
588,Tanto entradas como navajas y croquetas deliciosas.,comida
589,"Las carnes, pescados y verduras en su punto.",comida
590,Hemos ido ya varias veces; siempre nos decantamos por el rodaballo a la parrilla; muy rico.,comida
591,"Hemos probado navajas y en otras ocasiones zamburiñas; croquetas, chipirones  todo muy bueno y fresco; sencilla elaboración porque la Estrella es la parrilla.",comida
592,Servicio muy atento y cordial; una,servicio
593,Trato cercano y acogedor.,servicio
594,"Platos riquisimos: aunque sea un asador y presupongas que su especialidad es la carne, no dudeis en probar cualquiera de sus pescados, nosotros lo hicimos y quedamos encantados.Volveremos",comida
595,He vuelto al Aladro para una comida diaria y me he encontrado con un menú mas que superior.,comida
596,"Unos garbanzos con chipirones en su justa textura ni duros ni excesivamente blandos y pastosos, de segundo un bacalao a la riojana con un punto superior ,",comida
597,Tanto la ensalada Aladro como el pastel de cabracho muy ricos.,comida
598,"Las almejas a la marinera, deliciosas; los boquerones muy buenos; y el lomo, espectacular.",comida
599,Buenísima relación calidad-precio.,precio
600,Y también buen servicio.,servicio
601,"Ensalada Aladro (para no perdérsela), rabo de toro y merluza a la brasa.",comida
602,Todo exquisito y un servicio muy amable.,servicio
603,La mejor alternativa para comer bien al lado del outlet.,comida
604,Cocina casera en el menú diario.,comida
605,"El cabracho muy rico, croquetas de cocido caseras",comida
606,"Producto de calidad, y precio equilibrado.",precio
607,El personal súper atento y siempre de buen humor.,servicio
608,Cenamos de raciones en la terraza y estuvimos muy agusto.,comida
609,"Todo estaba rico, aunque las zamburiñas dejaban mucho que desear ya que eran ridiculamente pequeñas.",comida
610,Nos sorprendió que la salsa de las patatas bravas estuviera tan rica y los chopitos a la plancha estaban deliciosos.,comida
611,Y por último el chorizo a la parrilla espectacular.,comida
612,Ninguno de los camareros que nos vio llegar nos hizo ningún caso.,servicio
613,Buen producto y buena elaboración.,comida
614,"Los precios, acordes a la calidad.",precio
615,"Muy buenas las carnes y los pescados que hemos probado (rodaballos, secreto, lomo, sardinas, todo muy bien) y unas",comida
616,"Restaurante nuevo, funcional donde prima la comida.",ambiente
617,"Platos tradicionales pero bien preparados, con productos de buena calidad: tanto para entrantes (almejas y vieiras), los segundos (variedad de carne y pescado) como los postres.",comida
618,Precio acorde.,precio
619,Comedor amplio pero a pesar de ello ruidoso.,ambiente
620,La atención es rápida y adecuada.,servicio
621,Ofrecen platos fuera de carta apetecibles.,comida
622,La calidad es correcta.,comida
623,"Muy bien atendidos, una comida familiar y sin prisas.",servicio
624,"Zamburiñas deliciosas, mejillones al vapor fresquisimos de entrante.",comida
625,Rabo de toro muy tierno con salsa buenisima y lubina muy buena también.De postre el coulant de chocolate excelente y en su punto.,comida
626,"Amplio comedor, cómodo.",ambiente
627,Muy simpáticos.,servicio
628,"Ahora que empieza el buen tiempo, esta genial comer en la terraza.",ambiente
629,En el interior el restaurante esta muy bien.,ambiente
630,"Puedes comer de menu o carta.Recomendable el arroz abanda, hay que encargarlo, tambien te lo puedes llevar a casa.",comida
631,La carne tambien buenisima.,comida
632,Local muy bien acondicionado.,limpieza
633,"Servicio muy atento, excelente.",servicio
634,"Ambiente tranquilo, con bastante distancia entre las mesas, iluminación adecuada y sin ruidos.",ambiente
635,"La comida muy buena, y raciones muy abundantes.",comida
636,Precios adecuados para la calidad y servicio ofrecido.,precio
637,"Queríamos algo bueno y no muy caro y nos decidimos por Aladro, por las buenas críticas que tenía y no nos decepcionó.",precio
638,Todo está siempre muy rico y la calidad muy buena.,comida
639,Personal muy atento.,servicio
640,El trato genial.,servicio
641,Muy recomendable su coulant de chocolate y su brownie casero.,comida
642,"Local muy acogedor, agradable y tranquilo.",ambiente
643,Algo caro.,precio
644,Muy buena relación calidad-precio.,precio
645,Los precios acorde con la calidad de la que disponen.,precio
646,"Secreto , chotizo de criollo , croquetas muy rico!",comida
647,Tengo que reconocer que en Aladro la parrilla es una tentación.,comida
648,"Nosotros probamos la carne, el lomo a la brasa y era excepcional, pero también nos quedamos con ganas de volver y escoger el rodaballo.",comida
649,La opción de pescado es también muy variada.Me gusta,comida
650,Muy buenas ensaladas y también carne riquísima (el secreto especialmente) gracias a la parrilla que tienen.,comida
651,La atención es excepcional.,servicio
652,El precio muy económico.,precio
653,"Pocos restaurantes tratan así la carne, considerando que poseen una parrilla perfecta y un restaurador tan experimentado como Santos.",comida
654,"Al punto o poco hecha, aciertan siempre, y el sabor de la carne deshaciéndose en la boca fruto de su calidad  no tiene precedentes",comida
655,"Uno de los mejores sitios para tomarte una cervezita y comer buena comida, excepcional y muy recomendable.",comida
656,Todo lo que pedimos estaba muy bien elaborado y era de excelente calidad.,comida
657,El camarero muy atento y profesional.,servicio
658,Quizá un poco caro si te sales de la carta.,precio
659,Calidad precio un poco alto.,precio
660,"La terraza, con la placita y la fuente es muy agradable estos días de otoño.",ambiente
661,"Y ya dentro, la decoración invita a probar los vinos y esa parrilla.",ambiente
662,Como entrante pedimos unas navajas que no destacaron,comida
663,"No se trata del típico bar de tapas, es un restaurante de precio muy razonable para la calidad que ofrece a los clientes.",precio
664,"Trato muy bueno por parte del servicio, que es de una calidad superior.",servicio
665,"Muy recomendable para comer, los menús del día son",comida
666,El pescado y los entrantes estaban exquisitos.,comida
667,El personal es muy atento y el servicio perfecto.,servicio
668,"Os cuento: de entrantes las croquetas de carabineros espectaculares, las de jamón muy ricas, los chipirones muy buenos y el jamón",comida
669,"Trato exquisito, muy atentos.",servicio
670,"Recomendable la carne a la parrilla, especialmente el lomo trinchado o el secreto ibérico.",comida
671,La carta es algo cara pero merece la pena,precio
672,Ambiente relajado.,ambiente
673,Nada más entrar te recibe una parrilla de carbón de encina precedido del dueño que cuida el contenido de las ascuas con criterio y esmero.,comida
674,La atención por parte de sus camareros muy buena.,servicio
675,El strudel de manzana muy bueno.,comida
676,Muy buen ambiente.,ambiente
677,"Comida exquisita, con un menú a muy buen precio.",precio
678,Trato excepcional El único pero que a los postres les faltaba algo de elaboración,servicio
679,"Tienen un menú diario muy recomendable y de calidad por 12,50€El salón interior del restaurante es muy acogedor.",servicio
680,La relación calidad precio general es muy buena.,precio
681,Que atención!,servicio
682,"Hemos podido probar los pescados fuera de carta a la brasa, lubina y lenguado, estaban exquisitos,  para repetir.",comida
683,"Las carnes no se quedan atrás, el lomo",comida
684,"Cuenta con una terraza agradable en verano, una barra interior muy cómoda y el restaurante.",ambiente
685,Todo ello decorado con buen gusto.,ambiente
686,Los miércoles en invierno hacen cocido bastante rico.,comida
687,El menú del día son unos 12 euros.,precio
688,"A la carta, lo más destacado son carnes",comida
689,Los fines de semana ofrece carne a la parrilla a precios bastante asequibles.,precio
690,El local interior es elegante y acogedor.,ambiente
691,Productos de primera cocinados como Dios manda.,comida
692,"Carnes y pescados, es indiferente, sea lo que sea acertarás.",comida
693,Un comedor acogedor y recogido.,ambiente
694,Decoración tremendo lugar.,ambiente
695,Carnes de primera.,comida
696,Buen menú del día.,comida
697,La atención correcta y profesional.,servicio
698,La tapita que nos han puesto con la cerveza de salmorejo y pañuelito de queso estaba fantástico.,comida
699,Hemos pedido sardinas ahumadas y croquetas,comida
700,Comida de calidad.,comida
701,"Pero el trato es muy distante,  poco cercano.",servicio
702,"Fuimos el otro día y no consumimos más por la poca atención al cliente y las prisas por ""colocar"" a otros clientes en nuestra mesa.",servicio
703,Seguro que repetimos a muy corto plazo.De entrante pedimos las croquetas de carabineros y estaban exquisitas!,comida
704,!De plato principal nos pedimos lomo de buey al carbon de encina y,comida
705,Sitio bastante acogedor y bien decorado.,ambiente
706,"Las croquetas de carabineros son deliciosas, pero de los entrantes hay destacar la exquisitez de su revuelto de boletus y gambas.",comida
707,Las carnes a la parrilla están muy sabrosas.,comida
708,para la próxima ocasión pediré pescado a ver que tal,comida
709,"Es un restaurante relativamente pequeño, con un comedor muy bien decorado, acogedor, y con gusto.",ambiente
710,En cuanto a la comida tiene una carta muy correcta.,comida
711,"Destaco por encima de todo la carne, buena materia prima, y cocinada muy bien.",comida
712,El ambiente en general está bien.,ambiente
713,Los días de diario tiene un menú por 12 euros que está bastante bien.,precio
714,"La comida muy bien también, y la atención igualmente.",comida
715,Si eliges este establecimiento quedarás bastante satisfecho tanto por su calidad como por la variedad de su carta.,comida
716,Buena opción para tomar en aperitivo el fin de semana.,comida
717,Precios estándar.,precio
718,Buen servicio y atención.,servicio
719,El ambiente para tomar algo en la barra es muy bueno y tienen un menú del dia por 12 euros que esta bastante bien con variedad para elegir.,ambiente
720,El ambiente y decoración del comedor es muy agradable y moderno.,ambiente
721,Limpio.,limpieza
722,"El solomillo, espectacular.",comida
723,El steak tartar muy bueno tambien.,comida
724,Amplia carta de vinos.,comida
725,"El queso estaba bien, recién frito, pero la lechuga que acompañaba la ensalada",comida
726,"La relación calidad - precio en este restaurante es magnifica, está todo buenísimo.",precio
727,El local es muy bonito y la terraza muy agradable.,ambiente
728,Las raciones son grandes y de gran calidad.,comida
729,Atención rápida y eficiente.,servicio
730,Buen restaurante haciendo uso total de la acera como una terraza adyacente.,ambiente
731,Excelente menú con una buena selección de pescado o carne.,comida
732,Servicio muy logrado por personal eficiente.,servicio
733,"Lugar cómodo y acogedor, aunque un poco ruidoso cuando está lleno.",ambiente
734,"Amplia opción de platos, bastantes fuera de carta.",comida
735,"Ricas las alcachofas, el rabo de toro y el entrecot que tomamos.",comida
736,"Tampoco está mal el pulpo o las mollejas de ternera, servidas con patatas paja.",comida
737,Personal atento en todo momento y muy amable.,servicio
738,La atención de los camareros lo mejor de la cena.,servicio
739,El servicio y el dueño muy atentos y amables.,servicio
740,El sitio es muy bonito y acogedor.,ambiente
741,Pedidlos un steak tartar y pulpo a la galle además de una tarta de queso de postre.,comida
742,"El trato ha sido bueno y por lo que hemos optado a pedir, la verdad que nos ha gustado mucho.",servicio
743,Pollo para llevar 14.50€ una gran decepción.,precio
744,"La comida fría, el pollo y el pimiento poco hechos.",comida
745,Patatas han puesto 20 se podían contar.,comida
746,El salón en muy agradable para comer o cenar.,ambiente
747,Menú del día normal por 13 euros.,precio
748,Para mi gusto el rabo de toro estaba algo duro y el tiramisú no tenía ese sabor clásico a café.,comida
749,"Por el precio aceptable, el resto de platos ricos.",precio
750,La atención correcta y el servicio rápido.,servicio
751,Muy buena calidad y raciones muy generosas.,comida
752,Precio ajustado al producto.,precio
753,Calidad precio bastante aceptable,precio
754,El trato excepcional.,servicio
755,"Buenas cocina, vino mas que aceptable y mantel de tela.",comida
756,El salón es muy acogedor.,ambiente
757,"El trato de los empleados magnifico: trato amable, correcto y cercano.",servicio
758,La comida de muy buena calidad. Altamemte recomendable.,comida
759,"Tiene una carta muy amplia y variada, con platos muy bien elaborados.",comida
760,El servicio es rápido y atento.,servicio
761,Fuimos a comer de carta y nos sorprendió de manera muy agradable.,comida
762,"Cocina de producto y de calidad, probamos rodaballo y de lo mejor que me he comido mucho tiempo.",comida
763,Es acogedor y además tiene terraza.,ambiente
764,La comida de muy buena calidad.,comida
765,La carne y el pescado a la parrilla es una gran elección.,comida
766,"Genial, no porque entres solo te tratarán indiferente.. comida genial, trato espectacular  hoy en día se agradece un sitio así.",servicio
767,Los dos camareros llamados Alin son personas con experiencia y con un trato inigualable.,servicio
768,Por no hablar de los postres que son de otro planeta.,comida
769,Nos complace mucho saber que le ha gustado nuestro servicio.,servicio
770,Un servicio muy agradable también.,servicio
771,"La comida ha estado impresionante, súper rica.Hemos sido un grupo de 33 personas y la atención y el servicio ha sido de 10.",comida
772,Una excelente opción para comer de menú.,comida
773,"Platos frescos, caseros muy bien cocinados.",comida
774,Super amables y eficaces.,servicio
775,Excelente carne al carbón.,comida
776,El servicio es muy bueno.,servicio
777,Lugar acogedor,ambiente
778,Estancia agradable.,ambiente
779,Sitio muy acogedor.,ambiente
780,Personal agradable y muy buen servicio.,servicio
781,La comida muy rica.,comida
782,Rapidez y buenas presentaciones.,servicio
783,Trato sobresaliente.,servicio
784,Y el lomo parecía que había menguado .,comida
785,No han subido el precio directamente pero si indirecto.,precio
786,Estupendo servicio.,servicio
787,Siempre que vamos nos atienden de lujo.,servicio
788,"100% recomendable, estuvimos la primera noche dentro y la segunda en la terraza.",ambiente
789,Buen servicio.,servicio
790,Calidad precio muy buena.,precio
791,Servicio muy atento.,servicio
792,Menú del día muy rico y saludable.,comida
793,"Además está bien de precio, también tiene cosas a la carta.",precio
794,"Buen sitio para comer, tienen parrilla y buena carne o pescado.",comida
795,"Muy buena atención, detallistas y amables.",servicio
796,"La comida muy rica y buena y el vino, espectacular.",comida
797,La calidad excepcional.,comida
798,Mención especial por mi parte a las croquetas…maravilla!,comida
799,"Todo está exquisito, pero lo mejor del Aladro, sin duda, es su personal.",servicio
800,"Buen trato, el pescado y carne a la brasa muy rico, los entrantes como las coquinas y langostinos buenos aunque pueden mejorar.",comida
801,Buena calidad pero raciones escasas.,comida
802,La comida cara.,precio
803,Atención exquisita y rápida.,servicio
804,Relación calidad precio muy buena.,precio
805,Ambiente muy cordial.,ambiente
806,Calidad del marisco excepcional.,comida
807,Raciones muy generosas.,comida
808,Carta de vinos bien escogida.,comida
809,Postres caseros.,comida
810,Precios acordes con el producto.,precio
811,El pulpo buenísimo y tomamos un arroz con bogavante espectacular.,comida
812,Super amables.,servicio
813,Buena materia prima.,comida
814,Raciones nomuy grandes.,comida
815,El pulpo escaso ypimientos también.,comida
816,"La viera, 14 euros unidad.",precio
817,Nunca he probado un pulpo tan tierno y sabroso!,comida
818,!Muy buenos pescados!,comida
819,!El servicio muy bien!!,servicio
820,Muy buen trato.,servicio
821,Local pequeño pero acogedor.,ambiente
822,"La empanada muy buena,el centollo exqyisito, la gamba roja espectacular.",comida
823,Y el cordero tambien muy bueno,comida
824,"Un sitio pequeño, escondido muy agradable.",ambiente
825,El local impecable.,limpieza
826,Los percebes pequeños pero sabrosos y el pescado perfecto.,comida
827,"No te defraudará, productos frescos y de calidad.",comida
828,"Magníficos percebes, muy buen pulpo y una centolla de primera.",comida
829,Atención excelente.,servicio
830,"Todos muy buenos, marisco de buena calidad,",comida
831,"El marisco de primera,fresco y de calidad.",comida
832,El servicio es de primera.,servicio
833,"La merluza es de obligado cumplimiento pedirla, así como los percebes y nécoras.",comida
834,Restaurante aspecto clásico.,ambiente
835,Servicio correcto.,servicio
836,El precio quizás algo excesivo para lo poco que pedimos pero aceptable.,precio
837,Atención maravillosa.,servicio
838,"Pescados y mariscos de buena calidad, muchos de ellos extraordinariamente buenos, bien cocinados y correctamente servidos.",comida
839,Montaje de sala algo anticuado.,ambiente
840,Ambiente personal.,ambiente
841,"Lo importante, producto de muchísima calidad y precio acorde: con marisco, fácil sobrepasar los 60€/persona, bien",precio
842,Servicio personalizado muy agradable.,servicio
843,"Lo que probé, salpicon, navajas y rodaballo, espectacular.",comida
844,El marisco tenía muy buena pinta.,comida
845,"Entrantes: Berberechos, regular olían un poco.",comida
846,"Almejas, parecía que estabas masticando un chicle.",comida
847,"Pulpo, BUENO.",comida
848,"2 de rodaballo, regular.",comida
849,"No era de Galicia, estaba insípido.",comida
850,"2 de rape, MUY BUENO.",comida
851,"Postres, filloas,no merece la pena.",comida
852,"Café sólo, prescindible.",comida
853,"El de hoy estaba bien comido, perfecto de punto, sabroso, bien aliñado y generoso para compartir entre dos.",comida
854,Y de segundo un rape a la plancha,comida
855,"Nos atendieron muy bien, nos facilitaron mucho la comida de los niños.",servicio
856,"Calidad buenísima, tanto el pescado como el marisco.",comida
857,Excelente restaurante especializado en marisco de primera calidad y pescado.,comida
858,El sitio no es de un gran tamaño así que aconsejo reservar previamente.,ambiente
859,Trato exquisito y muy familiar.,servicio
860,Precio acorde con la cantidad y calidad.,precio
861,Local acogedor como su dueño.,ambiente
862,El local estaba impecable.,limpieza
863,Buena relación calidad precio.,precio
864,#¿NOMBRE?,comida
865,El servicio bueno y rápido.,servicio
866,"La comida es muy aceptable, lo que",comida
867,"Decepcionantes ostras, almejas y centollo.",comida
868,"Un buen sitio para tapear, y si tienes ganas de una buena carne, navajas a la plancha y un buen postre, en el comedor puedes disfrutarlo",comida
869,"Fuimos a tomar unos mariscos a buen precio, pero para mi una decepción.",precio
870,Local agradable en ubicación que no lo es tanto.,servicio
871,"En fin, no nos vamos a engañar diremos que caro y para muestra",precio
872,Sitio muy tranquilo.,ambiente
873,También la merluza a la galleta y las chuletillas de lechal son insuperables.,comida
874,"Sorprende este local, en el barrio que está ubicado.",ambiente
875,"Pocas mesas, con servicio muy amable.",servicio
876,Bodega extensa.,ambiente
877,Servicio,servicio
878,"Sin lugar a duda una excelente calidad en mariscos y pescados, fresquisimo todo.",comida
879,Trato buenisimo y agradable.,servicio
880,"Excelente calidad e inmejorable servicio, muy recomendable, tanto para ir en familia como si vas solo",servicio
881,Muy buena calidad y buena presentación.,comida
882,El servicio excelente.Del todo muy recomendable.La estancia muy agradable.,servicio
883,El resto del marisco está a la misma altura.,comida
884,"Buen pescado, yo lo pediría",comida
885,Una atención perfecta.,servicio
886,Sirven mariscos y pescados impecables.,comida
887,Te aparcan el coche.,servicio
888,"Los precios no son los de Galicia, pero mucho más moderados que otros sitios de Madrid.",precio
889,El buen pescado y el buen marisco no necesitan ocultarse entre salsas.,comida
890,"Cocido éste y a la espalda aquel, debieran ofrecerse en toda su sincera frescura a quien paga por ellos.",comida
891,"Lo conozco de hace ya años, es indispensable para el amante del marisco y los pescados.",comida
892,Una cocina excelente.,comida
893,Muy buen marisco pero sale algo caro.,precio
894,El centollo preparado de lo mejor.,comida
895,Ciertamente es un lugar que aconsejo visitar a los amantes del buen pescado y marisco como es mi caso.,comida
896,"El pulpo, las almejas naturales a la sarten, el besugo, o el rodaballo estaban exquisitos.El servicio, la presentación y la",comida
897,Lugar pequeño y agradable.,ambiente
898,"No sólo el marisco, también el pescado y las carnes.",comida
899,"Tengo que recomendarte el Rape, el Rodaballo o la Merluza.",comida
900,El pulpo es una joya .,comida
901,El personal es filipino y excesivamente rápido en sus movimientos,servicio
902,"Este restaurante, pequeño, fachada discreta, escondido en una zona poco antigua de Madrid, es una sorpresa muy agradable.",ambiente
903,Trato excelente y próximo.,servicio
904,Destacar sus precios ajustados teniendo en cuenta la calidad de los productos.,precio
905,Local sencillo y pequeño.,ambiente
906,"En función de mes corresponderá un marisco, nosotros tomamos una magnifica centolla y pulpo a la gallega magníficamente cocido.",comida
907,El rape a la gallega es una,comida
908,"Sitio pequeño pero con un marisco, carne y pescado de gran calidad .Centollas fantásticas , salpicón muy rico y sin dejar a parte el pulpo, el rodaballo, mero o un chuletón .Sin duda sitio para repetir.",comida
909,Pescados y mariscos riquisimos.,comida
910,"Probé el rodaballo, navajas y pulpo a la gallega y son increibles!",comida
911,El ambiente es relajado.,ambiente
912,"El restaurante no brilla por su decoración interior, tampoco",ambiente
913,"La centolla, uffff, buenísima.Los pescados impresionantes, tomamos rape y rodaballo y no sé cuál era mejor.",comida
914,"Buena carta de postres.La ubicación es extraña, no esperas encontrar algo así en un sitio",comida
915,Excelente materia prima.,comida
916,"El marisco es de una calidad extraordinaria, especialmente la centolla.",comida
917,El rodaballo también resulta espectacular.,comida
918,"La materia prima, excepcional.",comida
919,Bien elaborada.,comida
920,Mejor precio.,precio
921,Buen servicio.,servicio
922,Dispone de aparcacoches.,servicio
923,Pescado y marisco fantásticos.,comida
924,Es muy difícil encontrar en sitio de marisco en Madrid donde haya una relación calidad-precio.,precio
925,"Empanada de atún, casera y extraordinaria, almejas marinera, media de gambas a la plancha, una buena centolla",comida
926,El mejor marisco de Madrid y muy buena relación calidad precio.,precio
927,Pedimos de entrantes unas ostras una de las cuales tenía,comida
928,"Sin ser barato, el precio razonable.",precio
929,Todo buenísimo y el servicio muy bueno.,servicio
930,Productos de primerísima calidad.,comida
931,"navajas,empanada,rape,solomillo y buey todo excelente, hasta los mejillones del aperitivo se salian.",comida
932,Cuando lo conocí hace años la decoración era más sencilla.,ambiente
933,Precio razonable.,precio
934,La calidad de o mejorcito de Madrid en mariscos y pescados.,comida
935,Preparaciones sencillas y precio correcto.,precio
936,"Local pequeño, unas 10 mesas renovado hace unos tres años.",ambiente
937,"Muy buena materia prima, buen marisco y muy buen pescado.",comida
938,"No es barato, pero como cualquier marisquería.",precio
939,Excelente material y coccion tanto del marisco como del pescado,comida
940,Uno de los mejores restaurantes de marisco de Madrid.,comida
941,Lugar pequeño.,ambiente
942,"No en una zona central, no demasiado agradable.",ambiente
943,"No es barato, es cierto.",precio
944,"Y no solo el marisco, también el cordero. . .",comida
945,Excelente calidad de los productos.,comida
946,Muy ricos todos los platos,comida
947,Imprescindible sí quieres comer buen marisco y pescado.,comida
948,Todo está buenísimo y de primera calidad.Viva Naveira!!!,comida
949,No se dejen engañar por lo recóndito y lo pequeño que es el establecimiento.,ambiente
950,Marisquería gallega clásica donde el protagonista y lo que prima es el producto.,comida
951,Cabe destacar el centollo.,comida
952,Además de tener buen producto lo respetan en cocina.,comida
953,Exquisito.,comida
954,A pesar de ser un restaurate de barrio hemos  pagado una fortuna.,precio
955,Encima el trato deja mucho que desear.,servicio
956,"Un placer comer un buen producto.Probamos jamón, gambas, navajas, centollo y merluza, todo exquisito, sin más!",comida
957,Precio acertado.,precio
958,Pero la calidad es superior.,comida
959,Desproporcionadamente caro: 12 almejas 50€.,precio
960,Local discreto.,ambiente
961,El marisco de primera fresco y de calidad.,comida
962,Muy razonable el precio.,precio
963,El servicio es de primera muy atento.,servicio
964,Local de cocina gallega en el cual se come muy bien y la calidad es de primera.,comida
965,Recomiendo mariscos y carnes.,comida
966,Los postres son muy buenos también.,comida
967,Extremadamente caro para ser un restaurante de barrio .,precio
968,Raciones  pequeñas y mala o nula atención al cliente .,servicio
969,"Por lo que hemos pagado  , la próxima vez elegiremos otro restaurante.",precio
970,El servicio es muy bueno y a los niños les encanta.,servicio
971,Atención cuidada y familiar.,servicio
972,El mejor pulpo que he probado en mi vida.,comida
973,Buen servicio.,servicio
974,Centollo perfecto de punto y de sabor.,comida
975,Precio justo.,precio
976,Sitio pequeño pero muy agradable con una decoración algo decadente.,ambiente
977,Un sitio pequeño pero acogedor.,ambiente
978,Un poco lento el servicio.,servicio
979,Adorable el aparca coches.,servicio
980,Excelente servicio.,servicio
981,Una cocochas de merluza excepcionales.,comida
982,"Entrantes: pulpo, empanada,  coquinas y gambas, muy bien, virrey para todos, espectacular.",comida
983,Buen vino blanco de la casa,comida
984,Tiene percebes y una empanada para llorar de buena.,comida
985,Las almejas a la marinera de las mejores que he probado.,comida
986,"Y los pescados buenos de todas las maneras, pero a mí me gustaron a la plancha.",comida
987,El local no es el más acogedor y amplio.,ambiente
988,Gran pescado a la gallega!!,comida
989,Centollo rico el resto no me gusto: almenas marinera la salsa era caldo de pescado.,comida
990,Pulpo muy muy normal y las gambas muy bastas,comida
991,"Es un restaurante con gastronomía de calidad alta, resulta sorprendente si se tiene en cuenta El Barrio donde está.",comida
992,El precio acompaña la calidad del producto.,precio
993,Marisco del primer nivel.,comida
994,Los postres pasados y de pésima calidad.,comida
995,Marisco congelado a precio de oro.En resumen  pésima calidad a precios desorbitados.,comida
996,"Aunque los precios decían que eran altos, me daba igual; buscaba calidad.",precio
997,Al entrar ya me llama la atención el aspecto penoso del lugar.,ambiente
998,"Cuando traen el pan, seco de haber sido cortado hace rato o rejuntado de otras mesas.",comida
999,"El pescado y el marisco, el peor que he comido y con sabor extraño.",comida
1000,Neutra su decoración.,ambiente
1001,"La centolla, las gambas, las almejas todo de primera calidad y bien tratadas.",comida
1002,"No es barato porque el producto no lo es, pero no hay abuso y se sale muy satisfecho.",precio
1003,La peor marisquería en la que he estado.,comida
1004,"No es barato, pero se entiende ya que sus productos son de primera.",precio
1005,Muy buenas las navajas y el pulpo.,comida
1006,Extraordinarias las chuletillas de cordero con patatas.,comida
1007,Un sitio de mariscos buen servicio aunque caro,precio
1008,El local es pequeño y hay que reservar con antelación.,ambiente
1009,Tienen un marisco exquisito.,comida
1010,La zona es difícil para aparcar aunque tienen guardacoches.,servicio
1011,El precio es un poco alto.,precio
1012,"Excelentes Pescados fresquisimo y todo el Marisco que te pueda apetecer, con un perfecto tratamiento en cocina.",comida
1013,Muy buena bodega con unos Ribeiros y Alvariño Excelentes.,comida
1014,"Recuerda de Reservar con antelación ya que el comedor no es grande y siempre está lleno, (por algo sera).",ambiente
1015,Muy buen sitio de marisco y pescado.. muy atentos los camareros,servicio
1016,El mejor rodaballo de España!!!,comida
1017,Y el centollo .,comida
1018,Marisco y pescado de excelente calidad.,comida
1019,Lugar tranquilo y acogedor.,ambiente
1020,Excelente marisco.,comida
1021,"Mi conocimiento del marisco gallego no es extraordinario, pero mi comensal, gallego y amante de la buena mesa, sí lo es y así lo confirma.Recomendable, volveré.",comida
1022,Comida de buena calidad.,comida
1023,Marisco y pescado.,comida
1024,Servicio razonable.,servicio
1025,Comedor poco ruidoso.,ambiente
1026,Precio aceptable,precio
1027,Local sencillo y agradable.,ambiente
1028,Calidad extraordinaria.,comida
1029,Relación calidad precio buena.,precio
1030,Merece la pena visitarlo si quieres encontrar buen pescado y marisco,comida
1031,El servicio es magnífico.,servicio
1032,Trato muy amable.,servicio
1033,Ideal para ocasiones especiales y a muy buen precio!,precio
1034,Marisquería gallega. Muy buen pescado.,comida
1035,Tomamos besugo y mero; espectaculares.,comida
1036,Gamba blanca buena.,comida
1037,Las almejas al natural correctas nada más.,comida
1038,"Albariño y filloas, 127 €.",precio
1039,Servicio muy atento.,servicio
1040,Fantástico lugar para comer buen marisco gallego.,comida
1041,Muy profesional.No se puede decir caro porque el género y el servicio lo vale.,precio
1042,Excelente calidad de pescado.,comida
1043,El servicio es sobresaliente.,servicio
1044,"Precios razonables teniendo en cuenta que hablamos de marisco, pescado y carne de primera",precio
1045,La comida muy bien.,comida
1046,"Excelente marisco, pescado y carne.",comida
1047,"No es barato, pero la calidad es muy alta.",precio
1048,"El servicio, muy atento",servicio
1049,Un sitio para el que le gusta el marisco máxima calidad traído directamente de Galicia.,comida
1050,En la carne fallan algo postres caseros.,comida
1051,Buen trato.,servicio
1052,La atención de las camareras muy buena.,servicio
1053,"Navajas, sin nada de arena y buenísimas.",comida
1054,Es la mejor marisqueria de Madrid en calidad precio.,precio
1055,La recomiendo sobre todo el salpicon de marisco y el cogote de mero a la plancha.,comida
1056,Excelente producto.,comida
1057,Estupenda atención.,servicio
1058,Increíble la amabilidad de sus profesionales.,servicio
1059,Excelente calidad en todos los productos.,comida
1060,Buena atención.,servicio
1061,Tienen aparcacoches muy atento.,servicio
1062,Caro.,precio
1063,Para quien aprecie la buena comida.Relacion Calidad / Precio Excelente,precio
1064,"La calidad de la comida es extraordinaria,  aunque por la ubicación y las instalaciones no lo pareciese",comida
1065,"La verdad es que no he tenido el gusto de comer, pero solamente viendo la limpieza y el mimo que le ponen a todo.",limpieza
1066,Relación calidad-precio deficiente.,precio
1067,Local pequeño y con mucho ruido a la hora de la comida.,ambiente
1068,Buenísima calidad y servicio,servicio
1069,Un precio muy bueno.,precio
1070,Destacar la atención del dueño del local que siempre es muy atenta,servicio
1071,"Comida excelente, pescados y mariscos muy frescos.",comida
1072,Pequeño pero acogedor.,ambiente
1073,"Precio alto, pero acorde a la experiencia",precio
1074,Bien calidad / precio.,precio
1075,"El centollo espectacular, coquinas o navajas más normales.",comida
1076,"Calidad/precio fantastico, un buen sitio para comer pescados y mariscos, el pulpo excepcional.",precio
1077,Caro pero no falla.,precio
1078,Atención estupenda.,servicio
1079,Mariscos y pescado de primera calidad.,comida
1080,Empanada muy rica.,comida
1081,Un trato fantástico.,servicio
1082,Correcta atención.,servicio
1083,Algo caro para el producto que ofrece.,precio
1084,La atención muy buena,servicio
1085,Buena comida gallega.,comida
1086,El pulpo y merluza espectaculares.,comida
1087,Y el personal muy amable,servicio
1088,"Muy amables, con un servicio muy atento.",servicio
1089,Materia prima de excelente calidad.,comida
1090,Todo está delicioso.,comida
1091,La atención de todos los camareros es de nota.,servicio
1092,Pues el sushi está muy muy básico.,servicio
1093,Y un poco caro.,precio
1094,La fritanga de las croquetas muy dura.,comida
1095,Llegar si es bonito.,ambiente
1096,Restaurante de comida asiática muy agradable.,ambiente
1097,Gran mezcla de sabores para el paladar.,comida
1098,Gran variedad en la carta.,comida
1099,La decoración del restaurante es muy curiosa y original.,ambiente
1100,"Las comida muy rica, con un toque fusión muy original.",comida
1101,El servicio muy atento y profesional.,servicio
1102,"El lugar inmejorable, la decoración y el ambiente.",ambiente
1103,"Fuimos a comer solo sushi, y está rico pero nada del otro jueves.",comida
1104,Local muy bien decorado y lugar encantador bastante coqueto.,ambiente
1105,Fantástica decoración de este restaurante con muchísimo encanto.,ambiente
1106,Agradable consejo de los camareros.,servicio
1107,"El sitio es precioso, todo lleno de libros, con una decoración muy bonita.",ambiente
1108,Precio muy ajustado.,precio
1109,Precio muy caro para lo que sirven.,precio
1110,comida precalentada y seca.,comida
1111,Eso sí el restaurante era muy bonito,ambiente
1112,Tiene opciones vegetarianas bastante buenas y a mi novio siempre le encanta la comida.,comida
1113,Muy tranquilo y agradable con un ambiente acogedor.,ambiente
1114,El ambiente marcado por su biblioteca permite que en una cita se pueda entretener con una lectura.,ambiente
1115,"El tempura de gambas rojas, el arroz jazmín con cangrejo o la hamburguesita de wagyu son deliciosas.",comida
1116,El servicio muy atento.,servicio
1117,El comedor es muy acogedor.,ambiente
1118,El servicio muy atento y profesional.,servicio
1119,"La gamba en tempura, el roll de spicy tuna… quizá lo más mediocre son los rollitos de pato.",comida
1120,"El entorno muy original, suelo de moqueta y paredes de biblioteca repleta de libros.",ambiente
1121,"El servicio estupendo,aunque hay que ir sin prisas.",servicio
1122,El nigiri de pez mantequilla una decepción.,comida
1123,Los maquis no son maquis.,comida
1124,Lugar de decoracion excelente.,ambiente
1125,A destacar la gamba roja en tempura y la carne al carbón.,comida
1126,Deberían ampliar la carta liquida.,comida
1127,La comida está muy rica.,comida
1128,El local esta decorado con mucho gusto.,ambiente
1129,La atención puede mejorar.,servicio
1130,"La tempura de gambas rojas con chili dulce, estaba espectacular.",comida
1131,Restaurante de calidad con precio un poco alto.,precio
1132,"El local es muy acogedor, de diseño ecléctico y con detalles muy cuidados.",ambiente
1133,El ambiente esta decorado como si visitaras una librería antigua.,ambiente
1134,Los rollos están muy bien presentados y hay platos muy originales.,comida
1135,La comida muy buena.,comida
1136,Los postres tambien de ensueño.,comida
1137,"Como siempre, delicioso.",comida
1138,Precio medio por persona 30€,precio
1139,El local es decorado con mucho gusto.,ambiente
1140,La atención dejó bastante que desear.,servicio
1141,"La tempera de gambas rojas con chili dulce, estaba muy buena.",comida
1142,Restaurante de calidad aunque su precio es un poco alto.,precio
1143,Los niguiris de salmon flambeado buenísimos!,comida
1144,Los mien de setas increíbles!,comida
1145,Los de langostinos muy buenos y las brochetas de fresa y brownie el mejor dulce para terminar.,comida
1146,Un pelín caro para las raciones que ponen en mi opinión.,precio
1147,"Decorado muy bien, lo tiene todo para pasar un rato agradable",ambiente
1148,Destacar las gambas en tempura.,comida
1149,Un único problema es que resulta un tanto ruidoso.,ambiente
1150,Precio razonable.,precio
1151,Tardaron bastante en servir.,servicio
1152,"Los platos, para el precio que valen, son muy rácanos.",precio
1153,Se paga mucho la zona.,precio
1154,También te puedes tomar una copa con buen ambiente,ambiente
1155,"Probé samosas de pollo, empanadas pero al horno, nada de fritanga ni de pesadez digestiva",comida
1156,"La decoración del sitio es preciosa, con las paredes llenas de libros.",ambiente
1157,"Me encantó la decoración, como si estuvieses es tu biblioteca rodeada de libros.",ambiente
1158,El sitio cómodo y la verdad que no muy ruidoso para la cantidad de gente que había.,ambiente
1159,"La comida buena, el ceviche no fue santo",comida
1160,"La decoración es alucinante, un sitio súper bonito, hasta el baño está genial decorado!!",ambiente
1161,"La comida espectacular, todo riquísimo.",comida
1162,Muy buena relación calidad-precio.Volveremos seguro,precio
1163,El sitio es muy acogedor.,ambiente
1164,"Los makis de atún picante, las gyozas de wagyu y el tiradito espectaculares.",comida
1165,Buena relación calidad/precio,precio
1166,La decoración es exquisita.,ambiente
1167,Atención excelente.,servicio
1168,"El restaurante es super acogedor y auténtico, todo rodeado de libros y de un ambiente francés.",ambiente
1169,"La comida que se aleja del sushi mas tradicional y lo fusiona con salsas y toppings está muy bien, pero lo mejor, la tarta de zanahoria .",comida
1170,Comida muy rica y de muy buena calidad.,comida
1171,El servicio un poco lento.,servicio
1172,El ambiente es muy bueno y la decoracion muy original,ambiente
1173,El restaurante sigue teniendo una decoracion impresionante la comida muy buena.,ambiente
1174,El arroz.,comida
1175,La tempura de gambas el brownie.,comida
1176,la pena es el sevicio que ha bajado de nivel.,servicio
1177,"Comida fusión, sorprendente, calidad precio muy correcto.",precio
1178,"El servicio fue muy amable, muy atentos todo el rato.",servicio
1179,Es un sitio muy acogedor y bonito.,ambiente
1180,No es un japones al uso.,comida
1181,"Cocina fusión con toques Tex mex, Italian y mediterránea.",comida
1182,Precio medio,precio
1183,Comida muy elaborada y sabrosa que te sorprende con cada plato.,comida
1184,No se parece nada a un típico japonés ya que la comida va más allá.,comida
1185,"Relación calidad precio, buena.",precio
1186,"He acabado volviendo y no ha mejorado, el servicio sigue lento,",servicio
1187,"Ambiente cálido, enorme biblioteca.",ambiente
1188,El local ha sufrido una renovación total y de una bar de copas y encuentros ha,ambiente
1189,"Algo caro, en mi opinión, pero dan calidad.",precio
1190,El local está decorado con mucha gracia pero las mesas son tan pequeñas (para aprovechar el espacio?),ambiente
1191,que resultan hasta incómodas.,ambiente
1192,"La comida muy rica, bien presentada y con muy buen producto.",comida
1193,El personal es amable y atento.,servicio
1194,"La comida es buena, el servicio es atento pero deberían tener más consideración con el tema del tabaco.",comida
1195,Deliciosa comida.,comida
1196,Especialmente en maki de foie y pera.,comida
1197,"Las samosas,  espectaculares y el arroz jazmín perfecto.",comida
1198,"De postre no os podéis perder la tarta de zanahoria, con una ración ideal para compartir.Buena comida japonesa con un precio razonable",comida
1199,"Exquisitas gambas en tempura , atún rojo",comida
1200,"Se trata de un restaurante precioso, lleno de librerías y con una decoración muy retro.",ambiente
1201,Es realmente bonito.,ambiente
1202,Tiene un estilo que me recuerda al ambiente del Soho de Nueva York o al barrio latino de París.,ambiente
1203,"La comida, que es lo importante, está muy",comida
1204,Tiene platos que no son sushi que son fascinantes y vale la pena probar.,comida
1205,"Un sitio precioso, acogedor y los platos maravillosos, de sabor y de aspecto.",ambiente
1206,El ceviche de lubina estaba espectacular y la puesta en escena del plato de cine.,comida
1207,"Los langostinos con mayochile, divinos y así todos los platos que probamos.",comida
1208,Tiene una carta muy variada y todo lo que comimos estaba muy bueno a un precio mas que razonable,comida
1209,Este lugar esta muy bien situado.,ambiente
1210,Recomiendo la terraza ya que tiene el mismo ambiente de todo el lugar.,ambiente
1211,"La comida esta especialmente buena, pedir todos los nigiris que todos están",comida
1212,Fascinada con la espectacular decoración.,ambiente
1213,Carácter acogedor.,ambiente
1214,Buena carta de sushi con gran preparación y calidad en el pescado.,comida
1215,Nos decantamos por una gran variedad de niguiris; todos riquísimos.,comida
1216,"Quizá el de huevo de codorniz con jamón, un",comida
1217,El sitio es acogedor y bastante grande.,ambiente
1218,El servicio es amable.,servicio
1219,Un restaurante con un ambiente espectacular.,ambiente
1220,El personal muy amable.,servicio
1221,"Nada más entrar, la terraza muy apetecible, decoración agradable.",ambiente
1222,"La comida muy buena, probamos de todo y nos gustó tanto los pescados en sus diferentes formas (nigiris, makis, etc), también buenas las opciones de pollo o carne, y estupendo",comida
1223,"Pedimos dos entrantes (tempura de gamba roja) y rollitos de pato, la verdad es que la tempura de gambas (recomendada por los camareros) excelente, aunque los",comida
1224,"Bien, la comida está rica.",comida
1225,"Un poco lentos en servir y a veces se agradece cuando te tratan especialmente bien, pero bueno, correcto.",servicio
1226,"Makis de salmón braseado y spicu tuna, tiradito de pez limón muy rico.",comida
1227,Sopa de Miso y,comida
1228,A destacar el tataki de atún y el sushi de atun picante.,comida
1229,Precio muy razonable.,precio
1230,La comida rica y bien elaborada.,comida
1231,"Decoración tipo “Bibliobús”, pequeño.",ambiente
1232,Sirven la comida demasiado rápido.,servicio
1233,Comida de calidad.,comida
1234,Pedimos varios platos a compartir y todos ellos exquisitos y con una gran presentación.,comida
1235,El personal atento y profesional.,servicio
1236,Volveremos.La tarta de zanahoria buenísima.,comida
1237,"Los platos sin gluten los adaptan cambiando o quitando las salsas lo cual los deja bastante insípidos, solo se pueden acompañar de soja sin gluten.",comida
1238,"Noodles con pollo y miel, samosas de pollo, rollo de bogavante y california y tataki de atún, todos ellos exquisitos, lo que nos fuatos menos fue el ceviche de lubina.",comida
1239,"El restaurante es super bonito, impostado pero muy bien decorado.",ambiente
1240,Caro para lo exiguo que es.,precio
1241,"El local es precioso, con todo estanterías repletas de libros.",ambiente
1242,"Los asientos son comodisimos, y la comida espectacular.",ambiente
1243,Pedí sushi maki; unos con pera y foie y otros con aguacate con crema suave y la verdad que ambos buenísimos.,comida
1244,Como colofón final pedimos unos tallarines,comida
1245,Todo el personal que nos atendió fue correcto y sin demoras.,servicio
1246,Buena relación calidad - precio.,comida
1247,Lo más destacable es la relación calidad precio que tiene.,precio
1248,"La comida es buena, quizás un poco escasa en cuanto a la cantidad, pero todo delicioso.",comida
1249,"El postre con queso, no recuerdo el nombre, no nos gustó, demasiado líquido en su textura.",comida
1250,Atención correcta.,servicio
1251,Precio,precio
1252,Lo que hace de cualquier comida o cena un momento muy acogedor.,ambiente
1253,Tiene también una terraza cubierta ideal.,ambiente
1254,"Los platos, de cocina japonesa con toques internacionales, está",comida
1255,El local es una biblioteca decorada con mucho gusto.,ambiente
1256,"La atención dejó bastante que desear, son un poco secos y no muy atentos.",servicio
1257,Este local incumple la ley antitabaco en su terraza.,ambiente
1258,Muy bonito y moderno el restaurante pero la comida nada del otro mundo sinceramente.,ambiente
1259,"Los precios normales a lo que hay ahora, tocamos a unos 30€ por persona.Teníamos reserva a las 22:30 horas para cenar y nos sentaron a las 23:15 aproximadamente.",precio
1260,"La decoración es como si estuvieras en una casa antigua, tiene personalidad.",ambiente
1261,El servicio muy eficaz.,servicio
1262,"Los platos muy sabrosos, bien sazonados y recién hechos.",comida
1263,Precio en línea con la calidad.,precio
1264,Resalta la bonita decoración y entorno.,ambiente
1265,"La atención excepcional, muy amables, sin prisas.",servicio
1266,"Una decoración muy agradable, tipo salón de lectura, acogedor.",ambiente
1267,Pésima atención telefónica a la hora de reservar.,servicio
1268,Muchos camareros en la sala pero los que nos atendieron no sabían tratar a los clientes.,servicio
1269,Personal maravilloso.,servicio
1270,Habia mucha diferencia de platos caros y otros baratos.,precio
1271,Hemos compartido dl solomillo que yo creo que ha,comida
1272,La atención de maravilla.,servicio
1273,La carta tiene muchísima variedad y absolutamente todo estaba divino!!,comida
1274,No es tan económico pero vale la pena.,precio
1275,El servicio va rápido.,servicio
1276,La gente de sala está atenta y es muy amable.,servicio
1277,Los langostinos son los mejores que he probado hasta ahora  ¡Menuda salsa!,comida
1278,"El local tiene dos plantas y una decoración original, con muchos libros, como si de una biblioteca se tratara.",ambiente
1279,Calidad/precio muy bien para lo que pides.,precio
1280,Ubicación inmejorable.,ambiente
1281,"El restaurante es bastante grande, tiene dos terrazas una cubierta y luego el salón.",ambiente
1282,"La carta está bien, no es muy extensa.",comida
1283,El sushi muy logrado y de buen tamaño.,comida
1284,A destacar las gyozas - rollos de pato - tataki de solomillo al carbón.,comida
1285,"Todo excelente, precios moderados.",precio
1286,Un lugar increíble.,ambiente
1287,Una decoración con estanterías respletas de libros.,ambiente
1288,Con una comodidad que te recuerda estar en el hogar.,comida
1289,Un excelente servicio.,servicio
1290,"Restaurante con decoración muy bonita, disponen de terraza exterior y otra techada.",ambiente
1291,"Buena ubicación, hay varios parking cerca.",ambiente
1292,"Los platos han estado bien, destacar el tempura de gamba, las pizzas de atún y el roll de anguila.",comida
1293,La atención correcta.,servicio
1294,Los precios son un poco caro.,precio
1295,Espacio con una decoración muy bonita y agradable.,ambiente
1296,Atención muy buena y comida muy sabrosa.,servicio
1297,La decoración del local te transporta a una biblioteca de otro tiempo.,ambiente
1298,El ambiente y la carta conectan Occidente con Oriente.,ambiente
1299,"La atención es muy buena, tan amable como atenta.",servicio
1300,"La comida es una fusión entre lo mediterraneo y lo japones, desde una riquísimas croquetas, hasta unos platos increibles de sushi.",comida
1301,Los camareros un poco antipáticos.,servicio
1302,"La comida me parece excesivamente cara para la cantidad que viene en los platos, aunque el sabor es espectacular.",comida
1303,La terraza a mediodía es muy calurosa pero por la noche será muy agradable.,ambiente
1304,Riquísimos los langostinos en tempura y todos los makis.,comida
1305,!Las croquetas de carabineros… buff!!,comida
1306,!Los maki de bogavante… más de lo mismo!,comida
1307,"!Mien con trufa, setas y huevo… de locos!",comida
1308,El interior del restaurante es espectacular así como la carta.,ambiente
1309,Diferentes sabores y texturas muy ricas.,comida
1310,Y de postre la tarta de zanahoria es súper!,comida
1311,Calidad precio maravillosa!,precio
1312,Local impresionante.,ambiente
1313,"Atención excelente, muy amables y atentos.",servicio
1314,Merece su precio completamente.,precio
1315,"El sitio está muy bien adornado y lleno de libros, los baños están impecables.",ambiente
1316,"Un lugar con encanto donde se come muy bien, tiene una variedas de sushi muy buena, siempre que podemos nos escapamos.",ambiente
1317,Precio medio por personas entorno a los 25-30€ (dependiendo lo que cojas o si escojes vino).,precio
1318,Los nigiris merece la pena probarlos todos.,comida
1319,"Tienen muchos postres, los típicos como brownie, etc.",comida
1320,Servicio mega atento.,servicio
1321,"Unos 30-40€ por persona, ideal para ocasiones especiales porque se disfruta mucho.",precio
1322,Sitio muy acogedor para comer o cenar.,ambiente
1323,Makis de gran calidad y variados.,comida
1324,El sitio es espectacular por dentro.,ambiente
1325,El servicio es súper atento y amable.,servicio
1326,"La comida muy rica, recomiendo el rollo sushi de cangrejo.",comida
1327,Los langostinos en tempura no deben faltar nunca!!,comida
1328,Todo estaba delicioso y eran platos que podían compartirse.,comida
1329,El arroz de jazmin con cangrejo y vieras nos encantó hasta el punto que repetimos.,comida
1330,Las gambas 100% recomendables y el brownie espectacular.,comida
1331,Los makis también estaban muy buenos todos los que probamos.,comida
1332,El staff ha sido muy agradable durante toda la cena.,servicio
1333,El calidad de la comida es buena y los platos del menú muy atractivos.,comida
1334,De todo lo que probamos recomiendo el nigiri de pez limón.,comida
1335,Además el sitio es muy coqueto y diferente.,ambiente
1336,"El personal y el encargado muy profesional y sobre todo la chica que nos atendió, fue muy amable explicando con detalles sobre alérgenos.",servicio
1337,"Mucho ambiente, gente joven y decoración acogedora.",ambiente
1338,"Nigiri de huevo de codorniz, makis de vieira de pez mantequilla, croquetas de atún y de carabinero.",comida
1339,La tempura de gambas está súper rica con la salsa que lleva pero los rolls no son nada especial.,comida
1340,Los postres sí que son ricos.,comida
1341,La relación calidad precio normal tirando a mala para la cantidad de comida que nos pusieron.,precio
1342,La tarta de zanahoria solo perdirla si sois 4 o si tenéis muchísimo hambre.,comida
1343,Nos trataron muy bien.,servicio
1344,Esta todo buenísimo y de calidad.,comida
1345,La relación calidad/precio es excelente.,precio
1346,Las raciones son de buen tamaño.,comida
1347,"La comida espectacular, cada plato que pedimos está a divino.",comida
1348,"Los nigiris de salmon estaban brutales, súper recomendada la tempura de langostino y el nigiri de burger estaba divino.",comida
1349,Me sabe igual que la que se compra precocinada,comida
1350,"Es cierto que el precio es alto, pero el sabor detrás de cada plato merece mucho la pena.",precio
1351,El trato por parte del personal espectacular.,servicio
1352,Cena para dos 60 euros,precio
1353,Lo mejor las gambas en tempura.,comida
1354,"Un lugar muy acogedor, siempre aciertan con la mesa.",ambiente
1355,La comida es exquisita fusión oriental y muy bien elaborada.,comida
1356,"Espectaculares las gambas en tempura con chile rojo, la joya de la corona, pero todo muy muy rico.",comida
1357,"El precio no es excesivo, el conjunto lo merece .",precio
1358,La camarera era muy amable nos puso una vela porque escuchó que estábamos de celebración.,servicio
1359,Súper discreta muy profesional pero muy cariñosa.,servicio
1360,La comida y las personas que nos atendieron es espectacular.,servicio
1361,Tienen terraza cubierta y terraza fuera.,ambiente
1362,Un lugar acogedor y cómodo donde te sientes como en una verdadera biblioteca y no en un restaurante.,ambiente
1363,La atención de los camareros fue bastante buena aunque tardaron en servir los platos.,servicio
1364,"La decoración es muy original, la carta muy atractiva y la calidad y presentación muy buenas.",ambiente
1365,La tempura de gambas rojas totalmente recomendable!,comida
1366,"Impresionante, el ambiente del restaurante es hermoso, con un ambiente acogedor y una estilo único.",ambiente
1367,"La atención por parte de los empleados magnífica, con consejo sobre los platos y como comerlos y dando recomendaciones.",servicio
1368,"Los patos son magníficos, con un sabor que hace mucho no había probado.",comida
1369,"Calidad - Precio, muy buena, se nota que estás comiendo un buen producto de alta calidad.",precio
1370,El local es grande y muy agradablemente decorado.,ambiente
1371,Los camareros son muy profesionales.,servicio
1372,El menú es muy original y preparado.,comida
1373,La comida muy sabrosa y con buen producto.,comida
1374,El trato muy amigable y atento.,servicio
1375,La decoración del local interesante y especial.,ambiente
1376,Indispensable el maki de foie y pera flambeado.,comida
1377,Lo que primero sorprende es la decoración del sitio.,ambiente
1378,Cálido y estanterías llenas de libros distintas estancias en sus plantas.,ambiente
1379,La terraza también muy cálida y acogedora.,ambiente
1380,"La comida está muy buena, aunque no se trata de sushi tradicional, sino que estamos hablando de cocina de fusión.",comida
1381,La decoración está muy bien.,ambiente
1382,Comes enmedio de una biblioteca y se consigue un ambiente muy acogedor.,ambiente
1383,El personal es amable aunque está un poco desbordado por la gran afluencia de público.,servicio
1384,Esto hace que en periodos punta se ralentice un poco la atención a las mesas.,servicio
1385,Lugar muy agradable con una decoración muy bonita al estilo de una biblioteca.,ambiente
1386,La atención y el trato de los camareros fue muy atenta y amable y la comida exquisita.,servicio
1387,El tataki de solomillo es espectacular y todos los makis que probamos nos encantaron.,comida
1388,Precio medio de 30 por persona,precio
1389,Comida japonesa de muy buena calidad.,comida
1390,Caro y normalito.,precio
1391,"Además, el servicio ha sido lamentable.",servicio
1392,La cena para dos unos 75 euros.,precio
1393,"El sitio esta super bonito, las sillas cómodas y los aseos limpios.",limpieza
1394,Los platos estuvieron muy buenos todos pero sobre todo la torre de langostinos es algo surreal.,comida
1395,Destacar los makis de foie y de pera caramelizada y la tarta de zanahoria.De beber pedimos agua y vino.,comida
1396,Comida rica.,comida
1397,Buena relación calidad-precio,precio
1398,Local con una preciosa decoración a modo de biblioteca.,ambiente
1399,"La pasta con huevo y trufa está increíble, al igual que el sushi de wagyu.",comida
1400,Precio ajustado a la calidad.,precio
1401,La atención de los camareros excelente!.,servicio
1402,"El ambiente, la decoracion, maravillosa.",ambiente
1403,Los platos bien preparados y excelente presentación.,comida
1404,"El staff de empleados, muy atentos.",servicio
1405,Todo lo que pedimos estás riquísimo.,comida
1406,Se sirve acompañado de naranja y nata.,comida
1407,"Decoración recargada, pero que en ningún caso desentona, y que el propio local agradece.",ambiente
1408,Los baños estaban muy sucios,limpieza
1409,Altos estándares de higiene.,limpieza
1410,Personal comprometido con la limpieza.,limpieza
1411,Muy seguro y limpio.,limpieza
1412,Las mesas estaban sucias.,limpieza
1413,El nivel de limpieza era pésimo.,limpieza
1414,Necesitan mejorar la higiene.,limpieza
1415,Malo en términos de higiene.,limpieza
1416,Muy limpio.,limpieza
1417,Muy ordenado.,limpieza
1418,Comprometidos con la limpieza y la higiene.,limpieza
1419,Todo lleno de suciedad.,limpieza
1420,El restaurante daba asco.,limpieza
1421,No limpian.,limpieza
1422,Los aseos limpios y desinfectados.,limpieza
1423,Gran seguridad.,limpieza
1424,Gran limpieza.,limpieza
1425,Buena organización y orden.,limpieza
